epoch,train_loss,val_loss,val_acc,lr
1,1.660884778272538,1.795129775094442,0.36607142857142855,0.001
2,1.2476909173102606,1.8459404022521393,0.3100744047619048,0.001
3,1.132404319274993,2.9836926750357162,0.2909077380952381,0.001
4,1.0804541649704889,1.5290448715478295,0.46742559523809524,0.001
5,1.0542613879271916,3.2992496943745775,0.3108779761904762,0.001
6,1.0350118352685655,1.2308522249809235,0.5129017857142857,0.001
7,1.0268550569102877,4.67624004530816,0.2592857142857143,0.001
8,1.0182327609970456,3.893620117535609,0.27767857142857144,0.001
9,1.001872056211744,2.1946343736503513,0.3465922619047619,0.001
