epoch,train_loss,val_loss,val_acc,lr
1,2.179585826056344,2.1308643192392793,0.1978125,0.0001
2,2.1189197658357166,2.1080440631837445,0.20470238095238094,0.0001
