epoch,train_loss,val_loss,val_acc,lr
1,2.1286592864265006,2.0923540339325415,0.21236607142857142,0.001
2,2.0835098884858105,2.077316313078909,0.2177827380952381,0.001
3,2.073222717858086,2.070602323069717,0.21933035714285715,0.001
4,2.0679834695823294,2.0673109581976226,0.2226190476190476,0.001
5,2.0644733760746714,2.064568133065195,0.2220386904761905,0.001
6,2.0623097048059615,2.0644602450457485,0.22498511904761906,0.001
