epoch,train_loss,val_loss,val_acc,lr
44,0.9620496384302775,1.1811677931379456,0.5390625,1e-05
45,0.9606150418803805,1.1846326653041768,0.5369642857142857,1e-05
46,0.9597305785474323,1.1893142366590608,0.537514880952381,1e-05
47,0.9581785342806861,1.1928154955345416,0.5359226190476191,1e-05
48,0.95765600000109,1.1915271255000008,0.5374404761904762,1e-05
49,0.9563234838985262,1.1948404982969334,0.5375,1e-05
50,0.9550391033149901,1.1969626774806033,0.5374255952380952,1e-05
